option,implementation,n,block_size,threads,runs,time_s_avg,gflops_avg,joules_avg,watts_avg,speedup,efficiency
1,sequential,1024,,,3,0.098773,7.260283333333334,3.293439333333333,33.239869,,
1,sequential,2048,,,3,1.9580333333333335,2.9352700000000005,47.062080333333334,23.946987333333336,,
1,sequential,3072,,,3,7.59143,2.5461533333333333,154.95436866666668,20.409890333333333,,
1,sequential,4096,,,3,18.987099999999998,2.4128533333333335,379.687971,19.997114999999997,,
1,sequential,5120,,,3,40.525666666666666,2.209106666666667,899.495231,22.17525466666667,,
1,sequential,6144,,,3,69.93900000000001,2.210926666666667,1538.302385,21.993888333333334,,
1,sequential,7168,,,3,115.42466666666667,2.1271999999999998,2654.783663,22.999441666666666,,
1,sequential,8192,,,3,167.36799999999997,2.1927366666666663,3703.048895666667,22.071658333333332,,
2,block,1024,32,,3,0.08130423333333334,8.93377,3.188891333333333,37.611078666666664,1.2148567909748036,
2,block,1024,64,,3,0.08347493333333333,8.58062,2.910702666666667,34.756970333333335,1.1832653954400683,
2,block,1024,128,,3,0.09409896666666666,7.607843333333332,3.7101100000000002,39.423301,1.0496714629172337,
2,block,2048,32,,3,0.6937163333333333,8.255479999999999,23.72741566666667,34.202573,2.8225273634900727,
2,block,2048,64,,3,0.692435,8.27061,24.929323999999998,36.00740733333333,2.827750378495214,
2,block,2048,128,,3,0.6968766666666667,8.219656666666666,23.477179333333336,33.671641666666666,2.8097272114147414,
2,block,3072,32,,3,2.2916900000000004,8.437503333333334,85.19941566666667,37.123658,3.312590271808141,
2,block,3072,64,,3,2.2886566666666663,8.44755,94.23072766666667,41.119948666666666,3.3169807033820424,
2,block,3072,128,,3,2.243863333333333,8.61436,77.03106033333334,34.326338,3.383196243383807,
2,block,4096,32,,3,5.162726666666667,8.874003333333333,171.13770999999997,33.149165,3.6777271441834993,
2,block,4096,64,,3,5.074426666666667,9.02921,167.40059933333333,32.962772,3.7417232028840037,
2,block,4096,128,,3,5.1095966666666675,8.967186666666668,177.925979,34.78659666666667,3.715968448912144,
2,block,5120,32,,3,10.03698,8.91605,344.088982,34.256655,4.037635490622345,
2,block,5120,64,,3,9.52754,9.3927,277.276752,29.09414,4.253528892732716,
2,block,5120,128,,3,9.459346666666667,9.463396666666666,273.6740743333333,28.892287,4.284192988663064,
2,block,6144,32,,3,16.558733333333336,9.338009999999999,502.354458,30.337620666666666,4.22369263349451,
2,block,6144,64,,3,15.641433333333334,9.885223333333334,417.3511996666666,26.681856,4.4713932866340045,
2,block,6144,128,,3,15.511233333333331,9.968213333333333,411.9917556666667,26.560821333333333,4.508925789266704,
2,block,7168,32,,3,24.76393333333333,9.914779999999999,665.0008473333334,26.85360533333333,4.660998925857228,
2,block,7168,64,,3,24.517433333333333,10.015183333333333,667.8550193333334,27.234928666666665,4.707860937047516,
2,block,7168,128,,3,24.393533333333334,10.065366666666668,647.8051373333334,26.556678333333334,4.731773174857818,
2,block,8192,32,,3,37.883900000000004,9.675986666666669,1089.8390963333334,28.753291,4.4179189576574736,
2,block,8192,64,,3,38.238433333333326,9.588239999999999,1125.3917366666667,29.412008,4.37695756363798,
2,block,8192,128,,3,39.43956666666667,9.299399999999999,1129.494923,28.59877633333333,4.243657173380031,
3,openmp,1024,64,4,3,0.124295,5.760000000000001,5.624465333333333,45.25168633333334,0.7946659157649141,0.19866647894122852
3,openmp,1024,64,8,3,0.0854143,8.441220000000001,5.499451333333333,64.36522633333334,1.1563988699784462,0.14454985874730578
3,openmp,1024,64,16,3,0.1449267333333333,5.292446666666667,8.271051,57.236343000000005,0.6815374757176156,0.042596092232350974
3,openmp,2048,64,4,3,0.5985253333333334,9.570006666666666,25.363643,42.356691000000005,3.2714293352105397,0.8178573338026349
3,openmp,2048,64,8,3,0.36871933333333334,15.5692,20.39398033333333,55.342789,5.310362534104532,0.6637953167630665
3,openmp,2048,64,16,3,0.4599166666666667,12.562066666666666,24.378947333333333,53.04757599999999,4.2573654647581085,0.2660853415473818
3,openmp,3072,64,4,3,1.5578,12.4074,59.73161666666667,38.339945,4.87317370650918,1.218293426627295
3,openmp,3072,64,8,3,0.9036986666666667,21.395799999999998,48.25182833333334,53.40046,8.400399690752375,1.0500499613440468
3,openmp,3072,64,16,3,1.073495,18.10246666666667,54.03271800000001,50.383160000000004,7.0716957228491975,0.44198098267807484
3,openmp,4096,64,4,3,3.1425099999999997,14.5792,114.284688,36.365030999999995,6.042017368282042,1.5105043420705104
3,openmp,4096,64,8,3,1.7874366666666666,25.636566666666667,91.07998633333334,50.95345666666666,10.622530215522787,1.3278162769403483
3,openmp,4096,64,16,3,1.9514733333333336,23.547700000000003,95.40837033333332,48.90052966666667,9.729623088196607,0.608101443012288
3,openmp,5120,64,4,3,5.5210066666666675,16.2086,210.34503833333335,38.07711366666666,7.340267656502255,1.8350669141255638
3,openmp,5120,64,8,3,3.3725633333333334,26.5799,170.86477533333334,50.65959466666666,12.01628039601925,1.5020350495024062
3,openmp,5120,64,16,3,3.7834733333333332,11.510533333333333,325.4131236666667,41.766949333333336,10.71123359311814,0.6694520995698837
3,openmp,6144,64,4,3,9.300206666666668,16.64956666666667,327.96878233333337,35.261379,7.520155466079248,1.880038866519812
3,openmp,6144,64,8,3,5.5535,27.8513,214.13351366666666,38.56402633333334,12.593679661474749,1.5742099576843436
3,openmp,6144,64,16,3,5.33693,28.973200000000002,206.4494216666667,38.68345433333334,13.1047250010774,0.8190453125673375
3,openmp,7168,64,4,3,13.223800000000002,18.569866666666666,479.64890633333334,36.27107266666667,8.728555079982051,2.182138769995513
3,openmp,7168,64,8,3,8.214369999999999,29.8916,311.12714466666665,37.876052666666666,14.051554369558065,1.7564442961947582
3,openmp,7168,64,16,3,8.674483333333333,28.312300000000004,326.49742800000007,37.641153,13.306229573711404,0.8316393483569627
3,openmp,8192,64,4,3,19.1522,19.1402,690.7374366666667,36.065922666666665,8.73883940226188,2.18470985056547
3,openmp,8192,64,8,3,12.168999999999999,30.14766666666667,450.10907233333336,36.98792866666667,13.753636288930888,1.719204536116361
3,openmp,8192,64,16,3,12.556566666666667,29.425666666666668,463.0649253333333,36.923198666666664,13.3291212831533,0.8330700801970813
5,sycl_basic,1024,32,,3,0.12401803333333333,11.32868,3.050409666666667,25.294304666666665,0.7964406251671464,
5,sycl_basic,1024,64,,3,0.045544400000000006,15.717133333333335,1.212146,26.614767,2.1687188765248853,
5,sycl_basic,1024,128,,3,0.045701266666666664,15.6637,1.222003,26.740019999999998,2.1612748880775006,
5,sycl_basic,2048,32,,3,0.2940236666666667,19.4776,6.4567483333333335,21.96828933333333,6.659441246793059,
5,sycl_basic,2048,64,,3,0.29339699999999996,19.518366666666665,6.270687333333332,21.372826,6.673665147678176,
5,sycl_basic,2048,128,,3,0.29338366666666665,19.519233333333332,6.366741333333334,21.701750333333333,6.673968444051079,
5,sycl_basic,3072,32,,3,0.9562243333333335,20.212166666666665,18.940279,19.807738333333333,7.9389634161858105,
5,sycl_basic,3072,64,,3,0.9559923333333332,20.217066666666668,18.293289333333334,19.135425333333334,7.940890042005219,
5,sycl_basic,3072,128,,3,0.9566560000000001,20.203033333333334,18.27217733333333,19.10016366666667,7.935381161044304,
5,sycl_basic,4096,32,,3,2.232956666666667,20.516733333333335,40.63860466666666,18.199521999999998,8.503120675576625,
5,sycl_basic,4096,64,,3,2.2335566666666664,20.511233333333333,40.384035000000004,18.080558666666665,8.500836483515828,
5,sycl_basic,4096,128,,3,2.2334799999999997,20.511933333333335,39.563159999999996,17.713697666666665,8.501128284112685,
5,sycl_basic,5120,32,,3,4.334366666666667,20.643966666666667,76.87793166666667,17.73685933333333,9.349847344094869,
5,sycl_basic,5120,64,,3,4.334463333333333,20.6435,77.580623,17.898472666666667,9.34963882495257,
5,sycl_basic,5120,128,,3,4.334753333333333,20.6421,74.59908300000001,17.209512666666665,9.349013323326357,
5,sycl_basic,6144,32,,3,7.456146666666666,20.7371,128.97142333333332,17.297320666666668,9.380046172196185,
5,sycl_basic,6144,64,,3,7.456283333333334,20.736733333333333,127.87523799999998,17.150004,9.379874244764483,
5,sycl_basic,6144,128,,3,7.456869999999999,20.735066666666665,129.19423600000002,17.325517333333334,9.379136286404352,
5,sycl_basic,7168,32,,3,11.826466666666667,20.760966666666665,200.3868643333333,16.943942333333336,9.759860651533002,
5,sycl_basic,7168,64,,3,11.827366666666668,20.7594,201.279859,17.018162333333333,9.759117977797255,
5,sycl_basic,7168,128,,3,11.826133333333333,20.761566666666667,197.39694699999998,16.691587,9.760135744565709,
5,sycl_basic,8192,32,,3,17.57936666666667,20.8485,289.9884313333333,16.49595066666667,9.520707041019676,
5,sycl_basic,8192,64,,3,17.579933333333333,20.84783333333333,288.62584633333336,16.417891333333333,9.520400153204978,
5,sycl_basic,8192,128,,3,17.57943333333333,20.848433333333336,287.9062433333333,16.377449333333335,9.520670935543997,
6,sycl_block,1024,32,,3,0.21250503333333334,15.324390000000001,4.3860953333333335,18.718303000000002,0.46480310819304516,
6,sycl_block,1024,64,,3,0.04261666666666667,16.802400000000002,0.8244866666666667,19.303729999999998,2.3177082518576455,
6,sycl_block,1024,128,,3,0.04315593333333334,16.587033333333334,0.7975563333333332,18.481136666666668,2.288746699951648,
6,sycl_block,2048,32,,3,0.17915500000000004,33.5554,3.6088926666666663,20.164953999999998,10.929269812918049,
6,sycl_block,2048,64,,3,0.14971900000000002,38.24913333333333,3.1460163333333333,21.013051,13.078055112132283,
6,sycl_block,2048,128,,3,0.14951199999999998,38.302099999999996,3.1211816666666667,20.87571133333333,13.096161735066977,
6,sycl_block,3072,32,,3,0.46110133333333336,41.91563333333333,8.865030666666668,19.225794666666665,16.463691278272886,
6,sycl_block,3072,64,,3,0.46084366666666665,41.939033333333334,8.774611333333333,19.04034233333333,16.472896448614897,
6,sycl_block,3072,128,,3,0.46047333333333335,41.972833333333334,9.68378,21.032231,16.486144691694054,
6,sycl_block,4096,32,,3,1.03292,44.353,18.01710466666667,17.44293233333333,18.381965689501605,
6,sycl_block,4096,64,,3,1.0554066666666666,43.42933333333334,18.712111333333333,17.72575,17.990316528857754,
6,sycl_block,4096,128,,3,1.0331433333333333,44.3433,18.665996333333336,18.067216666666667,18.37799208241515,
6,sycl_block,5120,32,,3,2.0419566666666666,43.82006666666666,37.268239666666666,18.251266,19.846487111218487,
6,sycl_block,5120,64,,3,2.0408033333333333,43.845,37.93870166666667,18.590050666666667,19.857703094043032,
6,sycl_block,5120,128,,3,2.0463833333333334,43.72626666666667,38.28790633333333,18.711132000000003,19.80355586685453,
6,sycl_block,6144,32,,3,3.44209,44.92080000000001,64.22975133333334,18.659855666666665,20.318759823246925,
6,sycl_block,6144,64,,3,3.463036666666667,44.64936666666667,64.094403,18.50916833333333,20.195858933055863,
6,sycl_block,6144,128,,3,3.473466666666667,44.51433333333333,64.72852,18.635000666666667,20.135215538750913,
6,sycl_block,7168,32,,3,5.39526,45.508266666666664,99.34546333333333,18.41344966666667,21.393717201148167,
6,sycl_block,7168,64,,3,5.38673,45.58033333333333,100.75950900000002,18.70524066666667,21.4275946013011,
6,sycl_block,7168,128,,3,5.413486666666667,45.35523333333333,101.85802933333332,18.815573666666666,21.32168670099246,
6,sycl_block,8192,32,,3,8.010146666666666,45.75506666666667,149.75631366666667,18.695868,20.894498810675124,
6,sycl_block,8192,64,,3,8.007263333333333,45.77173333333334,149.828652,18.711894,20.902022705218883,
6,sycl_block,8192,128,,3,8.005429999999999,45.782000000000004,147.628184,18.441221,20.906809503049804,
